date,session_type,segment_type,duration_min,avg_hr,max_hr,aerobic_te,anaerobic_te,exercise_load,calories,primary_benefit,avg_temp,zone1_time,zone2_time,zone3_time,zone4_time,zone5_time,subjective_fatigue,soreness_next_day,machine_order_changed,menu_deviation,notes
2026-03-01,B_full,full_session,60,127,154,2.9,0.6,72,418,Base,21,18,22,15,5,0,3/5,背中と胸に軽い張り,false,cooldownを4分追加（サンプル）,サンプル。後で実データで上書き可
2026-03-27,B_full,full_session,63.93,121,158,2.6,0.5,44,203,Base (Low Aerobic),27.4,27:19,21:54,13:30,1:03,0:00,unknown,unknown,unknown,後半トレッドミル本体は12:31で現行B60の16分より短い。ラップ4はcooldownとして分離。,Garmin画像から転記。ラップ1-4をwarmup machine treadmill_main cooldownとして記録。スクリーンショットのyesterdayは2026-03-27として扱う。
2026-03-28,A_full,full_session,60.75,134,175,3.6,0.5,101,376,Tempo (High Aerobic),30.5,16:05,18:22,9:40,13:51,2:32,unknown,unknown,unknown,unknown,Garmin画像から転記。ラップ1-4をwarmup machine treadmill_main cooldownとして記録。主観: レッグプレスとアブドリミナルはやや消化不良。他は各セット最後は限界。
2026-04-02,B_machine_only,full_session,41.62,126,162,2.7,0.0,43,223,Base (Low Aerobic),29.0,8:54,21:45,5:50,5:07,0:00,不完全燃焼,unknown,unknown,B60短縮版。Lap 1をwarmup、Lap 2をmachineとして記録。後半トレッドミル本体とcooldownは未実施。,Garmin画像から転記。主観: 各マシンはもうちょっと追い込めた。全体的に不完全燃焼。
2026-04-05,B_full,full_session,66.95,126,162,3.0,0.1,57,370,Base (Low Aerobic),28.9,20:48,21:48,18:28,5:00,0:00,各セット10段階中9くらいの追い込み,翌日以降に残る筋肉痛はなし,unknown,unknown,Garmin画像から転記。ラップ1-4をwarmup machine treadmill_main cooldownとして記録。主観: 各セット10段階中9くらいの追い込み。翌日以降に残る筋肉痛はなし。
2026-04-09,A_full,full_session,63.07,127,172,3.0,0.3,60,356,Base (Low Aerobic),26.2,16:18,29:54,8:52,7:20,0:10,unknown,unknown,unknown,unknown,ユーザ指定のA60として記録。Garmin画像から転記。ラップ1-4をwarmup machine treadmill_main cooldownとして記録。
2026-04-11,B_full,full_session,72.62,120,160,3.0,0.0,57,356,Base (Low Aerobic),30.5,37:13,14:58,11:58,6:19,0:00,unknown,unknown,unknown,unknown,Garmin画像から転記。ラップ1-4をwarmup machine treadmill_main cooldownとして記録。ローとプルは40kg、アブドリミナルは42.5kgで十分でした。
2026-06-07,B_full,full_session,68.7,134,168,3.3,0.3,76,273,Base (Low Aerobic),30.6,7:11,30:34,17:25,13:32,0:00,チェストプレス33kgとアブドリミナル50kgで十分,unknown,unknown,チェストプレスを26kgから33kg、アブドリミナルを42.5kgから50kgにして実施,Garminテキストから転記。Today @ 14:30は2026-06-07 14:30として記録。ラップ1-4をwarmup machine treadmill_main cooldownとして記録。ラップ別カロリー合計は272だがSummaryは273のためセッション合計はSummary値を採用。主観: チェストプレスは26kgから33kg、アブドリミナルは42.5kgから50kgにして実施し、体感としては十分。
2026-06-20,B_full,full_session,66.38,120,153,2.6,0.0,47,224,Base (Low Aerobic),29.9,29:26,13:16,20:24,0:05,0:00,チェストプレスは重量を増やしてもよさそう,unknown,unknown,後半トレッドミル本体は19:17で現行B60の16分より長い。チェストプレスは増量余地ありとの所感だが実施重量変更の指定はなし,Garminテキストから転記。Today @ 17:11は2026-06-20 17:11として記録。ラップ1-4をwarmup machine treadmill_main cooldownとして記録。主観: チェストプレスは重量を増やしてもよさそう。実施重量変更は未指定のため現行メニュー本体は更新しない。
2026-07-11,B_full,full_session,62.36,127,163,2.9,0.1,59,235,Base (Low Aerobic),unknown,18:21,25:21,10:32,8:05,0:00,チェストプレス33kg・ショルダープレス20kg・アブドミナル50kg・トッソローテーション57.5kgを安定して実施,unknown,unknown,セッション時点のREADME記載のB60基準より各1段重い重量で実施（Chest Press 26→33kg・Shoulder Press 15→20kg・Abdominal 42.5→50kg・Torso Rotation 50→57.5kg）,Garmin画像から転記。2026-07-11 13:41開始。ラップ1-4をwarmup machine treadmill_main cooldownとして記録。4種目の実施重量はセッション時点の現行メニューと各weight-optionsの隣接値から確定。単発ログのため同日時点では現行メニュー本体を更新しなかった。
2026-07-19,B_full,full_session,63.33,124,159,2.7,0.7,59,397,Base (Low Aerobic),unknown,22:56,17:16,18:16,3:34,0:00,チェストプレス33kg・ショルダープレス20kg・アブドミナル50kg・トッソローテーション57.5kgを安定して実施,unknown,unknown,セッション時点のB60基準より各1段重い重量で実施（Chest Press 26→33kg・Shoulder Press 15→20kg・Abdominal 42.5→50kg・Torso Rotation 50→57.5kg）,添付のPhoto 1.jpg〜Photo 5.jpgから転記。2026-07-19 15:42開始。ラップ1-4をwarmup machine treadmill_main cooldownとして記録。4種目の実施重量はセッション時点の現行メニューと各weight-optionsの隣接値から確定。2026-07-11に続く安定実施を根拠に同日付で現行B60の標準重量へ更新。
2026-07-20,A_full,full_session,65.75,122,159,2.9,0.4,63,413,Base (Low Aerobic),unknown,32:18,7:35,16:44,6:11,0:00,レッグプレスは物足りない。レッグエクステンションは最終セット後半だけきつい。レッグカールはちょうどよい。アブドミナル50kgで十分,unknown,unknown,Abdominalを現行A60の42.5kgより1段重い50kgで実施。treadmill_mainは17:33.8で処方18分より26.2秒短い,添付のPhoto 1.jpg〜Photo 6.jpgから転記。2026-07-20 14:11開始。提案したA60を実施。ラップ1-4をwarmup machine treadmill_main cooldownとして記録。Abdominalの実施重量は現行A60とweight-optionsの隣接値から確定。単発ログのため現行メニュー本体は更新しない。
2026-07-22,A_full,full_session,65.44,117,154,2.5,0.3,44,211,Base (Low Aerobic),unknown,31:18,9:53,18:25,0:11,0:00,unknown,unknown,unknown,treadmill_mainは16:04.5で現行A60の処方18分より1分55.5秒短い,添付のPhoto 1.jpg〜Photo 6.jpgから転記。2026-07-22 07:23開始。ラップ1-4をwarmup machine treadmill_main cooldownとして記録。ラップ別カロリー合計は212だがSummaryは211のためセッション合計はSummary値を採用。マシン種目・重量・主観は画像にないためunknown。
2026-07-25,B_full,full_session,69.81,124,163,2.8,0.5,59,246,Base (Low Aerobic),unknown,24:51,19:05,21:45,2:27,0:00,Lat PulldownとRow MachineとShoulder Pressはキツい。Shoulder Pressは後半にフォームが崩れた。Chest Pressは全体的に楽だが最終set後半だけキツい。Torso Rotationは心地よい負荷。Abdominalはフォーム見直し後にキツく42.5kgへ変更。トレッドミルは余裕,unknown,unknown,Abdominalを現行B60の50kgから42.5kgへ変更。treadmill_mainは15:49.9で処方16分より10.1秒短い,添付のPhoto 1.jpg〜Photo 6.jpgから転記。2026-07-25 09:41開始。ラップ1-4をwarmup machine treadmill_main cooldownとして記録。フォーム見直しを優先したAbdominal減量は単発のため現行メニュー本体は更新しない。
